MS HealthVault,"HYPERLINK(""https://itunes.apple.com/us/app/microsoft-healthvault/id546835834"",""link"")"
FitnessSyncer,"HYPERLINK(""https://itunes.apple.com/us/app/fitnesssyncer-for-healthkit/id1159207899?ls1&mt8"",""link"")"
MTBC PHR,"HYPERLINK(""https://itunes.apple.com/pk/app/mtbc-phr/id499832131?mt8"",""link"")"
Apple Health,
Google Fit,
Accolade,"HYPERLINK(""https://itunes.apple.com/us/app/accolade-inc/id1203452254"",""link"")"
Capzule,"HYPERLINK(""https://itunes.apple.com/us/app/itoppeople/id386321118?mt8"",""link"")"
Medical record,
MyMedical,"HYPERLINK(""https://itunes.apple.com/us/app/my-medical/id347860026?mt8"",""link"")"
GenexEHR,"HYPERLINK(""https://itunes.apple.com/us/app/health-records-genexehr/id1089533617?ls1&mt8"",""link"")"
HealthSpek,"HYPERLINK(""https://itunes.apple.com/us/app/healthspek-personal-health-record-family-health-record/id576488481?mt8"",""link"")"
TrackMyMedicalRecords,
MedFusionPlus,"HYPERLINK(""https://itunes.apple.com/us/app/id922524241?mt8"",""link"")"
MyMedWall,
higi,"HYPERLINK(""https://itunes.apple.com/us/app/higi/id599485135"",""link"")"
Sharecare,"HYPERLINK(""https://itunes.apple.com/us/app/sharecare/id964313779?mt8"",""link"")"
Aetna,"HYPERLINK(""https://itunes.apple.com/us/app/aetna-mobile/id380845816?mt8"",""link"")"
Kaiser Permanente,"HYPERLINK(""https://itunes.apple.com/us/app/kaiser-permanente/id493390354?mt8"",""link"")"
Cigna,"HYPERLINK(""https://itunes.apple.com/app/id569266174"",""link"")"
Blue Shield,"HYPERLINK(""https://itunes.apple.com/us/app/blue-shield-of-california/id728293729?mt8"",""link"")"
Humana,"HYPERLINK(""https://itunes.apple.com/app/id779622024?mt8"",""link"")"
Anthem,"HYPERLINK(""https://itunes.apple.com/us/app/anthem-anywhere/id589443627?mt8%3E"",""link"")"
Capital Blue cross,
Capital Blue cross virtual care,"HYPERLINK(""https://itunes.apple.com/us/app/capital-bluecross-virtual-care/id1375554671?mt8"",""link"")"