MS HealthVault,link,"HYPERLINK(""https://itunes.apple.com/us/app/microsoft-healthvault/id546835834"",""link"")"
FitnessSyncer,link,"HYPERLINK(""https://itunes.apple.com/us/app/fitnesssyncer-for-healthkit/id1159207899?ls1&mt8"",""link"")"
WebMD PHR,,
MTBC PHR,link,"HYPERLINK(""https://itunes.apple.com/pk/app/mtbc-phr/id499832131?mt8"",""link"")"
Apple Health,,
Google Fit,,
Accolade,link,"HYPERLINK(""https://itunes.apple.com/us/app/accolade-inc/id1203452254"",""link"")"
Capzule,link,"HYPERLINK(""https://itunes.apple.com/us/app/itoppeople/id386321118?mt8"",""link"")"
Medical record,link,"HYPERLINK(""https://itunes.apple.com/us/app/my-medical/id347860026?mt8"",""link"")"
MtyMedical,link,"HYPERLINK(""https://itunes.apple.com/us/app/my-medical/id347860026?mt8"",""link"")"
GenexEHR,link,"HYPERLINK(""https://itunes.apple.com/us/app/health-records-genexehr/id1089533617?ls1&mt8"",""link"")"
HealthSpek,link,"HYPERLINK(""https://itunes.apple.com/us/app/healthspek-personal-health-record-family-health-record/id576488481?mt8"",""link"")"
TrackMyMedicalRecords,,
MedFusionPlus,link,"HYPERLINK(""https://itunes.apple.com/us/app/id922524241?mt8"",""link"")"
MyMedWall,,
higi,link,"HYPERLINK(""https://itunes.apple.com/us/app/higi/id599485135"",""link"")"
Sharecare,link,"HYPERLINK(""https://itunes.apple.com/us/app/sharecare/id964313779?mt8"",""link"")"